Delivery,Bid,Ask,Last,Time,+/-,On Vol,Off Vol,Tot Vol,Open,High,Low,Settl.,O.I,Product,ProductCode,Date
2027,-7.68,-5.60,-,-,0.00,-,6,6,-,-,-,-6.50,906,HLBY,HLBY-27,2026-10-07
2028,2.00,4.02,-,-,0.00,-,11,11,-,-,-,2.40,406,HLBY,HLBY-28,2026-10-07
2029,1.93,4.93,-,-,0.00,-,-,-,-,-,-,3.45,120,HLBY,HLBY-29,2026-10-07
2030,1.60,4.60,-,-,0.00,-,-,-,-,-,-,3.11,61,HLBY,HLBY-30,2026-10-07
Q1 2027,-6.00,-5.50,-,-,0.00,-,-,-,-,-,-,-5.50,291,HLBQ,HLBQ1-27,2026-10-07
Q2 2027,-8.48,-5.48,-,-,0.00,-,-,-,-,-,-,-7.11,33,HLBQ,HLBQ2-27,2026-10-07
Q3 2027,-8.26,-5.26,-,-,0.00,-,-,-,-,-,-,-7.01,43,HLBQ,HLBQ3-27,2026-10-07
Q4 2027,-4.50,-4.06,-,-,0.00,-,-,-,-,-,-,-5.58,0,HLBQ,HLBQ4-27,2026-10-07
Oct 2026,-48.00,-26.00,-,-,0.00,-,-,-,-,-,-,-35.50,"1,184",HLBM,HLBMOCT-26,2026-10-07
Nov 2026,-24.75,-23.10,-,-,0.00,-,-,-,-,-,-,-23.60,"1,162",HLBM,HLBMNOV-26,2026-10-07
Dec 2026,-23.00,-22.25,-,-,0.00,-,5,5,-,-,-,-22.50,"1,179",HLBM,HLBMDEC-26,2026-10-07
Jan 2027,-5.69,-2.70,-,-,0.00,-,-,-,-,-,-,-4.00,8,HLBM,HLBMJAN-27,2026-10-07
2027,67.15,67.40,67.15,14:35,0.80,22,8,30,67.40,67.50,67.15,66.35,"4,896",NSBY,NSBY-27,2026-10-07
2028,53.05,53.50,-,-,0.00,-,24,24,-,-,-,53.10,"2,268",NSBY,NSBY-28,2026-10-07
2029,50.20,50.40,-,-,0.00,-,1,1,-,-,-,50.25,"1,001",NSBY,NSBY-29,2026-10-07
2030,51.40,53.25,-,-,0.00,-,-,-,-,-,-,52.60,371,NSBY,NSBY-30,2026-10-07
2031,50.76,53.76,-,-,0.00,-,4,4,-,-,-,52.23,188,NSBY,NSBY-31,2026-10-07
2032,-,-,-,-,0.00,-,4,4,-,-,-,52.00,53,NSBY,NSBY-32,2026-10-07
2033,-,-,-,-,0.00,-,-,-,-,-,-,52.25,1,NSBY,NSBY-33,2026-10-07
2034,-,-,-,-,0.00,-,-,-,-,-,-,52.50,1,NSBY,NSBY-34,2026-10-07
2035,-,-,-,-,0.00,-,-,-,-,-,-,52.75,0,NSBY,NSBY-35,2026-10-07
2036,-,-,-,-,0.00,-,-,-,-,-,-,53.00,0,NSBY,NSBY-36,2026-10-07
Q1 2027,109.52,110.20,109.75,14:07,2.13,109,33,142,110.00,110.75,108.75,107.62,"2,763",NSBQ,NSBQ1-27,2026-10-07
Q2 2027,54.01,54.97,54.75,14:04,0.60,16,-,16,55.00,55.00,54.50,54.15,942,NSBQ,NSBQ2-27,2026-10-07
Q3 2027,40.50,41.00,40.50,14:24,0.00,22,4,26,40.50,40.50,40.50,40.50,895,NSBQ,NSBQ3-27,2026-10-07
Q4 2027,64.50,65.41,64.90,13:54,1.15,3,-,3,64.90,64.90,64.90,63.75,779,NSBQ,NSBQ4-27,2026-10-07
Q1 2028,83.00,84.10,84.20,14:12,1.90,1,10,11,84.20,84.20,84.20,82.30,400,NSBQ,NSBQ1-28,2026-10-07
Q2 2028,41.50,42.00,42.00,14:19,0.00,2,-,2,42.00,42.00,42.00,42.00,109,NSBQ,NSBQ2-28,2026-10-07
Q3 2028,29.00,30.20,-,-,0.00,-,-,-,-,-,-,29.75,112,NSBQ,NSBQ3-28,2026-10-07
Q4 2028,59.00,60.10,-,-,0.00,-,-,-,-,-,-,59.05,157,NSBQ,NSBQ4-28,2026-10-07
Oct 2026,83.00,85.00,-,-,0.00,-,-,-,-,-,-,84.00,"5,544",NSBM,NSBMOCT-26,2026-10-07
Nov 2026,103.50,104.00,103.95,14:39,3.20,296,39,335,103.99,105.00,102.55,100.75,"6,045",NSBM,NSBMNOV-26,2026-10-07
Dec 2026,103.75,104.50,103.75,13:17,1.90,34,6,40,104.05,105.00,103.00,101.85,"5,922",NSBM,NSBMDEC-26,2026-10-07
Jan 2027,119.00,121.00,120.05,10:08,2.30,3,1,4,120.09,120.09,120.00,117.75,208,NSBM,NSBMJAN-27,2026-10-07
Feb 2027,118.30,123.26,-,-,0.00,-,2,2,-,-,-,117.70,102,NSBM,NSBMFEB-27,2026-10-07
Mar 2027,88.24,90.00,-,-,0.00,-,-,-,-,-,-,88.00,131,NSBM,NSBMMAR-27,2026-10-07
Apr 2027,72.50,76.69,-,-,0.00,-,30,30,-,-,-,73.01,9,NSBM,NSBMAPR-27,2026-10-07
